김현지,33,기린동,010-1111-1111
박민호,42,성수동,010-2222-2222
이서연,25,옥수동,010-3333-3333
최준호,31,삼성동,010-4444-4444
강해리,48,영등포동,010-5555-5555
유태준,27,연남동,010-6666-6666
정은지,39,합정동,010-7777-7777
한수현,22,망원동,010-8888-8888
오진우,30,노량진동,010-9999-9999
신하늘,44,연희동,010-1234-5678
김태연,29,역삼동,010-2345-6781
박은우,37,서대문동,010-3456-7891
이주혁,23,과천동,010-4567-8902
최연진,35,명동,010-5678-9013
강민서,52,수성동,010-6789-0124
유승훈,26,여의도동,010-7890-1235
정지혜,49,양재동,010-8901-2346
한민준,32,사당동,010-9012-3457
오수지,23,대학로동,010-0123-4568
신재원,46,연남동,010-2345-6782